{
  "Train": {
    "auc_roc": 0.9353558384079563,
    "pr_auc": 0.9475197102496637,
    "brier_score": 0.10087802884084784,
    "accuracy": 0.7743646776182989,
    "precision": 0.9536575172904307,
    "recall": 0.9536575172904307,
    "n_samples": 2761354,
    "n_good": 1380677,
    "n_bad": 1380677
  },
  "Validation": {
    "auc_roc": 0.7236637977883138,
    "pr_auc": 0.2323305414416913,
    "brier_score": 0.12613071435895273,
    "accuracy": 0.6172544971984665,
    "precision": 0.7625980618366405,
    "recall": 0.7625980618366405,
    "n_samples": 339100,
    "n_good": 43340,
    "n_bad": 295760
  },
  "Test": {
    "auc_roc": 0.7236195994545933,
    "pr_auc": 0.23024545391472662,
    "brier_score": 0.12604506232222967,
    "accuracy": 0.6154714966927257,
    "precision": 0.7659193033922377,
    "recall": 0.7659193033922377,
    "n_samples": 339101,
    "n_good": 42951,
    "n_bad": 296150
  },
  "optimal_threshold": 0.25000000000000006
}